#,Prompt Date/Time,Prompt Source File,Prompt Line,Decision,Decision Source File,Decision Line,Classification
1,2026-05-31 01:04:04.431,UpdateNotifier-20260531.log,5,,,,NO DECISION LOGGED
2,2026-05-31 09:19:04.688,UpdateNotifier-20260531.log,19,,,,NO DECISION LOGGED
3,2026-05-31 17:34:04.927,UpdateNotifier-20260531.log,33,,,,NO DECISION LOGGED
4,2026-06-01 01:49:05.183,UpdateNotifier-20260601.log,5,Snooze for 6 Hours (06:00:00),UpdateNotifier-20260601.log,15,DELAYED
5,2026-06-01 13:46:47.672,UpdateNotifier-20260601.log,28,Snooze for 3 Hours (03:00:00),UpdateNotifier-20260601.log,38,DELAYED
6,2026-06-01 16:47:02.464,UpdateNotifier-20260601.log,51,,,,NO DECISION LOGGED
7,2026-06-02 01:02:02.725,UpdateNotifier-20260602.log,5,Reboot Now (00:00:00),UpdateNotifier-20260602.log,15,IMMEDIATE
8,2026-06-04 08:44:47.924,UpdateNotifier-20260604.log,5,Snooze for 6 Hours (06:00:00),UpdateNotifier-20260604.log,15,DELAYED
9,2026-06-04 14:44:51.677,UpdateNotifier-20260604.log,28,,,,NO DECISION LOGGED
10,2026-06-04 22:59:52.188,UpdateNotifier-20260604.log,42,,,,NO DECISION LOGGED
11,2026-06-05 07:14:52.601,UpdateNotifier-20260605.log,5,Snooze for 3 Hours (03:00:00),UpdateNotifier-20260605.log,16,DELAYED
12,2026-06-05 14:05:27.364,UpdateNotifier-20260605.log,29,,,,NO DECISION LOGGED
13,2026-06-05 22:20:27.770,UpdateNotifier-20260605.log,43,,,,NO DECISION LOGGED
14,2026-06-06 06:35:28.162,UpdateNotifier-20260606.log,5,,,,NO DECISION LOGGED
15,2026-06-06 14:50:28.551,UpdateNotifier-20260606.log,19,,,,NO DECISION LOGGED
16,2026-06-06 23:05:28.935,UpdateNotifier-20260606.log,33,,,,NO DECISION LOGGED
17,2026-06-07 07:20:29.337,UpdateNotifier-20260607.log,5,,,,NO DECISION LOGGED
18,2026-06-07 15:35:29.725,UpdateNotifier-20260607.log,19,,,,NO DECISION LOGGED
19,2026-06-07 23:50:30.100,UpdateNotifier-20260607.log,33,,,,NO DECISION LOGGED
20,2026-06-08 08:05:30.469,UpdateNotifier-20260608.log,5,Snooze for 1 Hour (01:00:00),UpdateNotifier-20260608.log,15,DELAYED
21,2026-06-08 09:28:19.712,UpdateNotifier-20260608.log,28,Snooze for 30 Minutes (00:30:00),UpdateNotifier-20260608.log,39,DELAYED
22,2026-06-10 11:05:49.914,UpdateNotifier-20260610.log,5,Snooze for 6 Hours (06:00:00),UpdateNotifier-20260610.log,15,DELAYED
23,2026-06-10 17:05:56.028,UpdateNotifier-20260610.log,28,,,,NO DECISION LOGGED
24,2026-06-11 01:20:56.410,UpdateNotifier-20260611.log,5,Snooze for 3 Hours (03:00:00),UpdateNotifier-20260611.log,15,DELAYED
25,2026-06-11 10:45:26.824,UpdateNotifier-20260611.log,28,Snooze for 1 Hour (01:00:00),UpdateNotifier-20260611.log,38,DELAYED
26,2026-06-13 11:44:41.933,UpdateNotifier-20260613.log,5,,,,NO DECISION LOGGED
27,2026-06-13 19:59:42.247,UpdateNotifier-20260613.log,19,,,,NO DECISION LOGGED
28,2026-06-14 04:14:42.491,UpdateNotifier-20260614.log,5,,,,NO DECISION LOGGED
29,2026-06-14 12:29:42.723,UpdateNotifier-20260614.log,19,,,,NO DECISION LOGGED
30,2026-06-14 20:44:42.948,UpdateNotifier-20260614.log,33,,,,NO DECISION LOGGED
31,2026-06-15 04:59:43.195,UpdateNotifier-20260615.log,5,Snooze for 6 Hours (06:00:00),UpdateNotifier-20260615.log,15,DELAYED
32,2026-06-15 14:35:56.045,UpdateNotifier-20260615.log,28,Snooze for 3 Hours (03:00:00),UpdateNotifier-20260615.log,38,DELAYED
33,2026-06-15 17:37:40.627,UpdateNotifier-20260615.log,51,,,,NO DECISION LOGGED
34,2026-06-16 01:52:40.941,UpdateNotifier-20260616.log,5,Snooze for 1 Hour (01:00:00),UpdateNotifier-20260616.log,15,DELAYED
35,2026-06-16 09:28:56.057,UpdateNotifier-20260616.log,28,Snooze for 30 Minutes (00:30:00),UpdateNotifier-20260616.log,38,DELAYED
36,2026-06-16 09:58:59.941,UpdateNotifier-20260616.log,51,Snooze for 15 Minutes (00:15:00),UpdateNotifier-20260616.log,62,DELAYED
37,2026-06-18 23:58:24.592,UpdateNotifier-20260618.log,5,,,,NO DECISION LOGGED
38,2026-06-19 08:13:25.081,UpdateNotifier-20260619.log,5,Snooze for 6 Hours (06:00:00),UpdateNotifier-20260619.log,15,DELAYED
39,2026-06-19 14:19:11.842,UpdateNotifier-20260619.log,28,Snooze for 3 Hours (03:00:00),UpdateNotifier-20260619.log,38,DELAYED
40,2026-06-19 17:19:18.602,UpdateNotifier-20260619.log,51,,,,NO DECISION LOGGED
41,2026-06-20 01:34:19.065,UpdateNotifier-20260620.log,5,,,,NO DECISION LOGGED
42,2026-06-20 09:49:19.454,UpdateNotifier-20260620.log,19,,,,NO DECISION LOGGED
43,2026-06-20 18:04:19.825,UpdateNotifier-20260620.log,33,,,,NO DECISION LOGGED
44,2026-06-21 02:19:20.195,UpdateNotifier-20260621.log,5,,,,NO DECISION LOGGED
45,2026-06-21 10:34:20.549,UpdateNotifier-20260621.log,19,,,,NO DECISION LOGGED
46,2026-06-21 18:49:20.923,UpdateNotifier-20260621.log,33,,,,NO DECISION LOGGED
47,2026-06-22 03:04:21.307,UpdateNotifier-20260622.log,5,Snooze for 1 Hour (01:00:00),UpdateNotifier-20260622.log,15,DELAYED
48,2026-06-22 08:20:20.795,UpdateNotifier-20260622.log,28,Snooze for 30 Minutes (00:30:00),UpdateNotifier-20260622.log,38,DELAYED
49,2026-06-22 08:56:37.366,UpdateNotifier-20260622.log,51,Snooze for 15 Minutes (00:15:00),UpdateNotifier-20260622.log,61,DELAYED
50,2026-06-22 09:25:56.744,UpdateNotifier-20260622.log,74,Reboot Now (00:00:00),UpdateNotifier-20260622.log,84,IMMEDIATE
51,2026-06-24 11:15:37.062,UpdateNotifier-20260624.log,5,Snooze for 6 Hours (06:00:00),UpdateNotifier-20260624.log,15,DELAYED
52,2026-06-24 17:15:46.283,UpdateNotifier-20260624.log,28,,,,NO DECISION LOGGED
53,2026-06-25 01:30:46.756,UpdateNotifier-20260625.log,5,,,,NO DECISION LOGGED
54,2026-06-27 08:16:12.693,UpdateNotifier-20260627.log,5,,,,NO DECISION LOGGED
55,2026-06-27 16:31:13.107,UpdateNotifier-20260627.log,19,,,,NO DECISION LOGGED
56,2026-06-28 00:46:13.467,UpdateNotifier-20260628.log,5,,,,NO DECISION LOGGED
57,2026-06-28 09:01:13.814,UpdateNotifier-20260628.log,19,,,,NO DECISION LOGGED
58,2026-06-28 17:16:14.141,UpdateNotifier-20260628.log,33,,,,NO DECISION LOGGED
59,2026-06-29 01:31:14.467,UpdateNotifier-20260629.log,5,Snooze for 6 Hours (06:00:00),UpdateNotifier-20260629.log,15,DELAYED
60,2026-07-01 08:38:22.588,UpdateNotifier-20260701.log,5,Snooze for 6 Hours (06:00:00),UpdateNotifier-20260701.log,15,DELAYED
61,2026-07-01 14:38:47.773,UpdateNotifier-20260701.log,28,Snooze for 3 Hours (03:00:00),UpdateNotifier-20260701.log,38,DELAYED
62,2026-07-01 17:45:50.272,UpdateNotifier-20260701.log,51,,,,NO DECISION LOGGED
63,2026-07-02 02:00:50.736,UpdateNotifier-20260702.log,5,Snooze for 1 Hour (01:00:00),UpdateNotifier-20260702.log,15,DELAYED
64,2026-07-02 08:53:55.782,UpdateNotifier-20260702.log,28,Snooze for 30 Minutes (00:30:00),UpdateNotifier-20260702.log,38,DELAYED
65,2026-07-02 09:24:44.164,UpdateNotifier-20260702.log,51,Snooze for 15 Minutes (00:15:00),UpdateNotifier-20260702.log,61,DELAYED
66,2026-07-02 09:39:47.266,UpdateNotifier-20260702.log,74,Reboot Now (00:00:00),UpdateNotifier-20260702.log,84,IMMEDIATE
67,2026-07-08 01:58:59.585,UpdateNotifier-20260708.log,5,Snooze for 6 Hours (06:00:00),UpdateNotifier-20260708.log,16,DELAYED
68,2026-07-08 13:48:03.395,UpdateNotifier-20260708.log,29,Snooze for 3 Hours (03:00:00),UpdateNotifier-20260708.log,39,DELAYED
69,2026-07-08 17:00:47.048,UpdateNotifier-20260708.log,52,,,,NO DECISION LOGGED
70,2026-07-09 01:15:47.571,UpdateNotifier-20260709.log,5,Reboot Now (00:00:00),UpdateNotifier-20260709.log,15,IMMEDIATE
71,2026-07-12 09:33:43.676,UpdateNotifier-20260712.log,5,,,,NO DECISION LOGGED
72,2026-07-12 17:48:44.096,UpdateNotifier-20260712.log,19,,,,NO DECISION LOGGED
73,2026-07-13 02:03:44.475,UpdateNotifier-20260713.log,5,Snooze for 6 Hours (06:00:00),UpdateNotifier-20260713.log,16,DELAYED
