Date,Log Source,Prompt Type,Time Prompt Shown/Received,Reboot/Countdown Target,Snooze Options Available,User Response,Time Response Sent,Time to Respond,SnoozeMinutes Sent,Exit Code,Actual Reboot Confirmed At,Notes
2026-07-29,UpdateNotifier-20260729.log,RebootRequired,10:05:52,,7,Reboot Now,10:05:58,0:00:06,0,0,2026-07-29 10:05:59,"Legitimate, fully notified"
2026-08-02,UpdateNotifier-20260802.log,RebootRequired,08:08:42,,7,Reboot at 5:30 PM,08:18:32,0:09:50,-1,0,,Schedules reboot for 2026-08-02 17:30
2026-08-02,UpdateNotifier-20260802.log,RebootImminent (countdown) — STALE,17:33:33,2026-08-02 17:30:00 (~3.5m stale),,CRASH — no user response,,,,1,2026-08-02 17:33:33,"Stale-countdown crash: 'countdown expired — closing' logged before 'shown'; InvalidOperationException in App.xaml.cs:223; rebooted unattended. Only ~3.5 minutes stale — confirms the crash isn't limited to long sleep gaps."
2026-08-06,UpdateNotifier-20260806.log,RebootRequired,13:22:17,,7,Reboot at 5:30 PM,13:22:28,0:00:11,-1,0,,Schedules reboot for 2026-08-06 17:30
2026-08-07,UpdateNotifier-20260807.log,RebootImminent (countdown) — STALE,07:49:38,2026-08-06 17:30:00 (~14h19m stale),,CRASH — no user response,,,,1,2026-08-07 07:49:38,Same stale-countdown crash pattern
2026-08-12,UpdateNotifier-20260812.log,RebootRequired,11:40:08,,7,Reboot at 5:30 PM,11:40:17,0:00:09,-1,0,,Schedules reboot for 2026-08-12 17:30
2026-08-13,UpdateNotifier-20260813.log,RebootImminent (countdown) — STALE,07:40:53,2026-08-12 17:30:00 (~14h11m stale),,CRASH — no user response,,,,1,2026-08-13 07:40:53,Same stale-countdown crash pattern
2026-08-17,UpdateNotifier-20260817.log,RebootRequired,00:55:38,,7,Reboot at 5:30 PM,08:00:38,7:05:00,-1,0,,"Window sat open overnight; schedules reboot for the next 5:30 PM occurrence, 2026-08-17 17:30"
2026-08-18,UpdateNotifier-20260818.log,RebootImminent (countdown) — STALE,08:02:30,2026-08-17 17:30:00 (~14h33m stale),,CRASH — no user response,,,,1,2026-08-18 08:02:31,Same stale-countdown crash pattern
